{
  "project_info": {
    "project_number": "467195403397",
    "project_id": "shoulder-rehab",
    "storage_bucket": "shoulder-rehab.appspot.com"
  },
  "client": [
    {
      "client_info": {
        "mobilesdk_app_id": "1:467195403397:android:ac73f03cd8566187791dec",
        "android_client_info": {
          "package_name": "com.rehabgym.shoulderrehab"
        }
      },
      "oauth_client": [],
      "api_key": [
        {
          "current_key": "AIzaSyDaZGNaqdSvuI1jyu4UcsmC_KWX_tym3Wc"
        }
      ],
      "services": {
        "appinvite_service": {
          "other_platform_oauth_client": []
        }
      }
    }
  ],
  "configuration_version": "1"
}